{
    "epochs": [
        1,
        2,
        3,
        4,
        5,
        6,
        7,
        8,
        9,
        10,
        11,
        12,
        13,
        14,
        15,
        16,
        17,
        18,
        19,
        20
    ],
    "loss_train": [
        0.6556320663107282,
        0.5436635470220156,
        0.4398755133152008,
        0.3859920509980842,
        0.3512407401598795,
        0.328472789840789,
        0.3282720717194532,
        0.3098792379380785,
        0.30344195193614776,
        0.2967245164463957,
        0.3014179908454087,
        0.29039853351585077,
        0.2935209801091172,
        0.29105270662825794,
        0.29561970898738277,
        0.29280130497809914,
        0.29241817364798567,
        0.2766620752170481,
        0.27383401137935465,
        0.2712587801640607
    ],
    "loss_valid": [
        0.575160160757236,
        0.45328806256608317,
        0.372271663468817,
        0.3511349717904637,
        0.3165122339231454,
        0.3259987949387659,
        0.3140898412239982,
        0.30684330386767006,
        0.29031947084205445,
        0.2932949340475808,
        0.2891621711516579,
        0.2913264585633062,
        0.29432481086221035,
        0.28783812360781197,
        0.2829343411626913,
        0.28023568694509915,
        0.2804886199444339,
        0.28695464715926766,
        0.2801996692256945,
        0.2895433688251979
    ],
    "accuracy_train": [
        0.6847739888977002,
        0.8299960348929422,
        0.8523988897700238,
        0.8584456780333068,
        0.8665741475019826,
        0.8717287866772403,
        0.8736122125297383,
        0.8826328310864393,
        0.8847145122918318,
        0.8857057890563045,
        0.884020618556701,
        0.8899682791435368,
        0.8858049167327517,
        0.8880848532910388,
        0.8866970658207771,
        0.8883822363203806,
        0.8871927042030134,
        0.8942307692307693,
        0.8976011102299762,
        0.8957176843774782
    ],
    "accuracy_valid": [
        0.849444958371878,
        0.856845513413506,
        0.8663274745605921,
        0.8630897317298798,
        0.8758094357076781,
        0.8691026827012026,
        0.8751156336725254,
        0.877890841813136,
        0.8848288621646624,
        0.8839037927844589,
        0.8850601295097132,
        0.8829787234042553,
        0.8813598519888992,
        0.8829787234042553,
        0.8848288621646624,
        0.8878353376503239,
        0.8880666049953747,
        0.8857539315448659,
        0.8882978723404256,
        0.883672525439408
    ],
    "f1_score": [
        0.783072292804718,
        0.7986992001533508,
        0.8129450082778931,
        0.8146525025367737,
        0.8269416689872742,
        0.8224592208862305,
        0.8283534646034241,
        0.8314176201820374,
        0.837890625,
        0.8371187448501587,
        0.8383739590644836,
        0.8359273672103882,
        0.83456951379776,
        0.8356075286865234,
        0.83746737241745,
        0.8412438631057739,
        0.8416230082511902,
        0.8398184180259705,
        0.841898500919342,
        0.8377942442893982
    ]
}